3,Brade,325,20000
9,Jeanine,325,18000
12,Cordelie,325,50000
23,Johnny,325,33000
31,Franny,325,15000
81,Kylila,325,12000
109,Trixie,325,42000
123,Pippa,325,20000
126,Fonzie,325,15000
135,Dunstan,325,20000
149,Lena,325,25000
156,Tanny,325,42000
160,Leonie,325,50000
169,Farley,325,12000
172,Addy,325,33000
176,Wanids,325,30000
180,Nial,325,15000
183,Ruthe,325,30000
194,Philipa,325,42000
209,Asia,325,37000
219,Kaile,325,33000
221,Aylmer,325,33000
223,Enrico,325,50000
224,Zonda,325,33000
239,Chet,325,42000
268,Channa,325,50000
282,Edie,325,25000
283,Osbert,325,15000
308,Davide,325,42000
338,Filbert,325,20000
340,Melloney,325,33000
351,Heddi,325,20000
352,Marieann,325,50000
371,Franni,325,42000
377,Hussein,325,25000
383,George,325,15000
402,Rachel,325,12000
404,Willa,325,30000
406,Fredric,325,50000
415,Skylar,325,20000
423,Keelby,325,15000
424,Chuck,325,33000
428,Kelly,325,37000
432,Wade,325,12000
439,Leelah,325,25000
446,Rina,325,20000
454,Korella,325,33000
455,Hilly,325,30000
458,Kassi,325,37000
460,Mac,325,20000
472,Saidee,325,50000
513,Lorna,325,42000
515,Torrey,325,42000
516,Pernell,325,50000
518,Erda,325,37000
519,Ethe,325,20000
526,Homer,325,10000
527,Eveline,325,37000
533,Dennison,325,25000
536,Delmar,325,42000
540,Saunders,325,25000
559,Jessamine,325,18000
566,Lemmie,325,18000
578,Scarlett,325,20000
590,Trumaine,325,15000
591,Emlyn,325,50000
603,Cahra,325,50000
607,Lydia,325,15000
609,Bernita,325,15000
613,Evin,325,12000
652,Cesaro,325,30000
660,Cindi,325,12000
664,Natassia,325,42000
673,Lambert,325,42000
686,Rosalyn,325,37000
691,Krishna,325,50000
708,Merle,325,10000
715,Lucky,325,42000
722,Joannes,325,10000
732,Enrica,325,18000
736,Arvie,325,15000
740,Chen,325,37000
745,Gordon,325,12000
749,Carola,325,10000
754,Amber,325,42000
755,Dorian,325,15000
767,Brynne,325,18000
768,Blakeley,325,18000
769,Egan,325,10000
770,Barbey,325,20000
782,Laughton,325,15000
793,Grayce,325,33000
794,Harv,325,42000
810,Efrem,325,20000
823,Tania,325,42000
825,Andrei,325,10000
832,Olivier,325,20000
833,Oby,325,12000
839,Oralia,325,10000
840,Wadsworth,325,30000
850,Amanda,325,37000
859,Abramo,325,37000
861,Pietrek,325,25000
864,Alonzo,325,12000
874,Estella,325,20000
879,Barbey,325,12000
889,Flo,325,42000
904,Josiah,325,12000
906,Lynn,325,37000
907,Tabb,325,50000
918,Alysia,325,37000
930,Emory,325,37000
933,Gui,325,20000
946,Kimberley,325,18000
955,Delila,325,20000
968,Berenice,325,10000
969,Charlie,325,50000
970,Noach,325,12000
972,Sloan,325,42000
976,Arlina,325,33000
977,Wenonah,325,12000
985,Erna,325,33000
990,Chiarra,325,18000
995,Maxi,325,18000
